"Time (s)","Linear Acceleration x (m/s^2)","Linear Acceleration y (m/s^2)","Linear Acceleration z (m/s^2)","Absolute acceleration (m/s^2)"
0.000000000E0,3.139200062E-2,-1.985999988E-3,-1.519750059E-1,1.551960190E-1
0.000000000E0,3.139200062E-2,-1.985999988E-3,-1.519750059E-1,1.551960190E-1
0.000000000E0,3.139200062E-2,-1.985999988E-3,-1.519750059E-1,1.551960190E-1
0.000000000E0,3.139200062E-2,-1.985999988E-3,-1.519750059E-1,1.551960190E-1
0.000000000E0,3.139200062E-2,-1.985999988E-3,-1.519750059E-1,1.551960190E-1
0.000000000E0,3.139200062E-2,-1.985999988E-3,-1.519750059E-1,1.551960190E-1
0.000000000E0,3.139200062E-2,-1.985999988E-3,-1.519750059E-1,1.551960190E-1
0.000000000E0,3.139200062E-2,-1.985999988E-3,-1.519750059E-1,1.551960190E-1
0.000000000E0,3.139200062E-2,-1.985999988E-3,-1.519750059E-1,1.551960190E-1
0.000000000E0,3.139200062E-2,-1.985999988E-3,-1.519750059E-1,1.551960190E-1
0.000000000E0,3.139200062E-2,-1.985999988E-3,-1.519750059E-1,1.551960190E-1
0.000000000E0,3.139200062E-2,-1.985999988E-3,-1.519750059E-1,1.551960190E-1
0.000000000E0,3.139200062E-2,-1.985999988E-3,-1.519750059E-1,1.551960190E-1
0.000000000E0,3.139200062E-2,-1.985999988E-3,-1.519750059E-1,1.551960190E-1
0.000000000E0,3.139200062E-2,-1.985999988E-3,-1.519750059E-1,1.551960190E-1
0.000000000E0,3.139200062E-2,-1.985999988E-3,-1.519750059E-1,1.551960190E-1
0.000000000E0,3.139200062E-2,-1.985999988E-3,-1.519750059E-1,1.551960190E-1
0.000000000E0,3.139200062E-2,-1.985999988E-3,-1.519750059E-1,1.551960190E-1
5.650133000E-3,3.139200062E-2,-1.985999988E-3,-1.519750059E-1,1.551960190E-1
1.061958280E-1,9.924000129E-3,-5.580999888E-3,-1.504780054E-1,1.509081292E-1
1.160123190E-1,-3.999999899E-5,-5.382000003E-3,-1.477729976E-1,1.478709787E-1
1.258290880E-1,-3.999999899E-5,-5.382000003E-3,-1.477729976E-1,1.478709787E-1
1.356466590E-1,2.530000056E-4,-6.804999895E-3,-1.473679990E-1,1.475252492E-1
1.454641680E-1,2.530000056E-4,-6.804999895E-3,-1.473679990E-1,1.475252492E-1
1.552824030E-1,1.690999954E-3,-8.043999784E-3,-1.486099958E-1,1.488371468E-1
1.651006720E-1,1.690999954E-3,-8.043999784E-3,-1.486099958E-1,1.488371468E-1
1.749181710E-1,3.205999965E-3,-9.690999985E-3,-1.501729935E-1,1.505195067E-1
1.847357100E-1,3.205999965E-3,-9.690999985E-3,-1.501729935E-1,1.505195067E-1
1.945535560E-1,2.763000084E-3,-8.539999835E-3,-1.498969942E-1,1.501654909E-1
2.043714030E-1,2.763000084E-3,-8.539999835E-3,-1.498969942E-1,1.501654909E-1
2.141894300E-1,7.864999585E-3,-9.488999844E-3,-1.506980062E-1,1.512011521E-1
2.240074690E-1,7.864999585E-3,-9.488999844E-3,-1.506980062E-1,1.512011521E-1
2.338267950E-1,9.751999751E-3,-7.985999808E-3,-1.545339972E-1,1.550471992E-1
2.436461420E-1,9.751999751E-3,-7.985999808E-3,-1.545339972E-1,1.550471992E-1
2.534641640E-1,1.254399959E-2,-7.759000175E-3,-1.578859985E-1,1.585734610E-1
2.632822030E-1,1.254399959E-2,-7.759000175E-3,-1.578859985E-1,1.585734610E-1
2.731009300E-1,1.254399959E-2,-7.759000175E-3,-1.578859985E-1,1.585734610E-1
2.829196610E-1,1.254399959E-2,-7.759000175E-3,-1.578859985E-1,1.585734610E-1
2.927362770E-1,1.879600063E-2,-9.167999960E-3,-1.594939977E-1,1.608591843E-1
3.025528940E-1,1.879600063E-2,-9.167999960E-3,-1.594939977E-1,1.608591843E-1
3.123718290E-1,1.945300028E-2,-9.426999837E-3,-1.616020054E-1,1.630413925E-1
3.221907520E-1,1.945300028E-2,-9.426999837E-3,-1.616020054E-1,1.630413925E-1
3.320084080E-1,1.945300028E-2,-9.426999837E-3,-1.616020054E-1,1.630413925E-1
3.418261010E-1,1.945300028E-2,-9.426999837E-3,-1.616020054E-1,1.630413925E-1
3.516440870E-1,2.220500074E-2,-8.551999927E-3,-1.566690058E-1,1.584656938E-1
3.614620880E-1,2.220500074E-2,-8.551999927E-3,-1.566690058E-1,1.584656938E-1
3.712803940E-1,2.481300011E-2,-8.627999574E-3,-1.511610001E-1,1.534267751E-1
3.810987030E-1,2.481300011E-2,-8.627999574E-3,-1.511610001E-1,1.534267751E-1
3.909145800E-1,2.281500027E-2,-7.660999894E-3,-1.508679986E-1,1.527755483E-1
4.007304290E-1,2.281500027E-2,-7.660999894E-3,-1.508679986E-1,1.527755483E-1
4.105467800E-1,1.398099959E-2,-7.662999909E-3,-1.521919966E-1,1.530248141E-1
4.203631250E-1,1.398099959E-2,-7.662999909E-3,-1.521919966E-1,1.530248141E-1
4.301807750E-1,7.706999779E-3,-6.149999797E-3,-1.543260068E-1,1.546406696E-1
4.399984280E-1,7.706999779E-3,-6.149999797E-3,-1.543260068E-1,1.546406696E-1
4.498188520E-1,4.701999947E-3,-2.878000028E-3,-1.548700035E-1,1.549680924E-1
4.596393130E-1,4.701999947E-3,-2.878000028E-3,-1.548700035E-1,1.549680924E-1
4.694564310E-1,4.817000125E-3,-2.226999961E-3,-1.561190039E-1,1.562091751E-1
4.792735100E-1,4.817000125E-3,-2.226999961E-3,-1.561190039E-1,1.562091751E-1
4.890886060E-1,2.002000110E-3,-1.886000042E-3,-1.522209942E-1,1.522458409E-1
4.989036830E-1,2.002000110E-3,-1.886000042E-3,-1.522209942E-1,1.522458409E-1
5.087209350E-1,2.218999900E-3,-1.199000049E-3,-1.517490000E-1,1.517699593E-1
5.185381640E-1,2.218999900E-3,-1.199000049E-3,-1.517490000E-1,1.517699593E-1
5.283578520E-1,3.472999902E-3,2.661000006E-3,-1.519870013E-1,1.520499629E-1
5.381775430E-1,3.472999902E-3,2.661000006E-3,-1.519870013E-1,1.520499629E-1
5.479960470E-1,9.259000421E-3,3.110999940E-3,-1.525759995E-1,1.528883352E-1
5.578145480E-1,9.259000421E-3,3.110999940E-3,-1.525759995E-1,1.528883352E-1
5.676318890E-1,1.282200031E-2,-8.139000274E-3,-1.563380063E-1,1.570739291E-1
5.774492360E-1,1.282200031E-2,-8.139000274E-3,-1.563380063E-1,1.570739291E-1
5.872678830E-1,1.878800057E-2,-1.524799969E-2,-1.571860015E-1,1.590375099E-1
5.970865360E-1,1.878800057E-2,-1.524799969E-2,-1.571860015E-1,1.590375099E-1
6.069046300E-1,1.996400021E-2,-1.678300090E-2,-1.560759991E-1,1.582401590E-1
6.167227470E-1,1.996400021E-2,-1.678300090E-2,-1.560759991E-1,1.582401590E-1
6.265390490E-1,2.575000003E-2,-1.852899976E-2,-1.559830010E-1,1.591762637E-1
6.363553960E-1,2.575000003E-2,-1.852899976E-2,-1.559830010E-1,1.591762637E-1
6.461710690E-1,2.732699923E-2,-1.737999916E-2,-1.599030048E-1,1.631496252E-1
6.559867220E-1,2.732699923E-2,-1.737999916E-2,-1.599030048E-1,1.631496252E-1
6.658037040E-1,3.130400181E-2,-1.928200014E-2,-1.603270024E-1,1.644885521E-1
6.756206650E-1,3.130400181E-2,-1.928200014E-2,-1.603270024E-1,1.644885521E-1
6.854366070E-1,3.149399906E-2,-1.771000028E-2,-1.630029976E-1,1.669595560E-1
6.952525700E-1,3.149399906E-2,-1.771000028E-2,-1.630029976E-1,1.669595560E-1
7.050711860E-1,3.680299968E-2,-1.791100018E-2,-1.628009975E-1,1.678672973E-1
7.148897990E-1,3.680299968E-2,-1.791100018E-2,-1.628009975E-1,1.678672973E-1
7.247085570E-1,3.915999830E-2,-1.799000055E-2,-1.591629982E-1,1.648939222E-1
7.345273280E-1,3.915999830E-2,-1.799000055E-2,-1.591629982E-1,1.648939222E-1
7.443476940E-1,4.252399877E-2,-1.649500057E-2,-1.553090066E-1,1.618680421E-1
7.541680410E-1,4.252399877E-2,-1.649500057E-2,-1.553090066E-1,1.618680421E-1
7.639861390E-1,4.038500041E-2,-1.570199989E-2,-1.553519964E-1,1.612815670E-1
7.738042560E-1,4.038500041E-2,-1.570199989E-2,-1.553519964E-1,1.612815670E-1
7.836211790E-1,4.148099944E-2,-1.425500028E-2,-1.578419954E-1,1.638229955E-1
7.934381420E-1,4.148099944E-2,-1.425500028E-2,-1.578419954E-1,1.638229955E-1
8.032542470E-1,4.218100011E-2,-1.397399977E-2,-1.595620066E-1,1.656337628E-1
8.130703620E-1,4.218100011E-2,-1.397399977E-2,-1.595620066E-1,1.656337628E-1
8.228888060E-1,4.516699910E-2,-1.676899940E-2,-1.578969955E-1,1.650839736E-1
8.327072670E-1,4.516699910E-2,-1.676899940E-2,-1.578969955E-1,1.650839736E-1
8.425255770E-1,4.377400130E-2,-1.659700088E-2,-1.595460027E-1,1.662725191E-1
8.523438860E-1,4.377400130E-2,-1.659700088E-2,-1.595460027E-1,1.662725191E-1
8.621616030E-1,4.365799949E-2,-1.193800010E-2,-1.563590020E-1,1.627779907E-1
8.719793320E-1,4.365799949E-2,-1.193800010E-2,-1.563590020E-1,1.627779907E-1
8.817973460E-1,4.415800050E-2,-9.537000209E-3,-1.562570035E-1,1.626564925E-1
8.916153470E-1,4.415800050E-2,-9.537000209E-3,-1.562570035E-1,1.626564925E-1
9.014340630E-1,4.544100165E-2,-7.763000205E-3,-1.532029957E-1,1.599884580E-1
9.112527940E-1,4.544100165E-2,-7.763000205E-3,-1.532029957E-1,1.599884580E-1
9.210722300E-1,4.609600082E-2,-7.302000187E-3,-1.531759948E-1,1.601282170E-1
9.308916550E-1,4.609600082E-2,-7.302000187E-3,-1.531759948E-1,1.601282170E-1
9.407121500E-1,4.641800001E-2,-3.501999890E-3,-1.491670012E-1,1.562616043E-1
9.505326110E-1,4.641800001E-2,-3.501999890E-3,-1.491670012E-1,1.562616043E-1
9.603497870E-1,4.655800015E-2,-3.036000067E-3,-1.441680044E-1,1.515297930E-1
9.701669820E-1,4.655800015E-2,-3.036000067E-3,-1.441680044E-1,1.515297930E-1
9.799836410E-1,4.609100148E-2,-8.237999864E-3,-1.411789954E-1,1.487405587E-1
9.898002940E-1,4.609100148E-2,-8.237999864E-3,-1.411789954E-1,1.487405587E-1
9.996190310E-1,4.231299832E-2,-1.927099936E-2,-1.361960024E-1,1.439135584E-1
1.009437760E0,4.231299832E-2,-1.927099936E-2,-1.361960024E-1,1.439135584E-1
1.019257769E0,3.886799887E-2,-2.172200009E-2,-1.337170005E-1,1.409354563E-1
1.029077808E0,3.886799887E-2,-2.172200009E-2,-1.337170005E-1,1.409354563E-1
1.038898125E0,3.757200018E-2,-2.238399908E-2,-1.329949945E-1,1.400013113E-1
1.048718434E0,3.757200018E-2,-2.238399908E-2,-1.329949945E-1,1.400013113E-1
1.058535850E0,3.983800113E-2,-2.015200071E-2,-1.371520013E-1,1.442353664E-1
1.068353237E0,3.983800113E-2,-2.015200071E-2,-1.371520013E-1,1.442353664E-1
1.078176317E0,5.037999898E-2,-2.947100066E-2,-1.382499933E-1,1.500658017E-1
1.087999352E0,5.037999898E-2,-2.947100066E-2,-1.382499933E-1,1.500658017E-1
1.097820792E0,6.255800277E-2,-3.106399998E-2,-1.388200074E-1,1.554009983E-1
1.107642217E0,6.255800277E-2,-3.106399998E-2,-1.388200074E-1,1.554009983E-1
1.117462342E0,7.105199993E-2,-3.227600083E-2,-1.396259964E-1,1.599548242E-1
1.127282457E0,7.105199993E-2,-3.227600083E-2,-1.396259964E-1,1.599548242E-1
1.137102356E0,7.519499958E-2,-3.178599849E-2,-1.420509964E-1,1.638387111E-1
1.146922241E0,7.519499958E-2,-3.178599849E-2,-1.420509964E-1,1.638387111E-1
1.156742025E0,7.862000167E-2,-3.293700144E-2,-1.422969997E-1,1.658746118E-1
1.166561834E0,7.862000167E-2,-3.293700144E-2,-1.422969997E-1,1.658746118E-1
1.176382205E0,7.664000243E-2,-3.037899919E-2,-1.419620067E-1,1.641638965E-1
1.186202550E0,7.664000243E-2,-3.037899919E-2,-1.419620067E-1,1.641638965E-1
1.196023127E0,7.691200078E-2,-2.694699913E-2,-1.408459991E-1,1.627242824E-1
1.205843704E0,7.691200078E-2,-2.694699913E-2,-1.408459991E-1,1.627242824E-1
1.215663683E0,7.326500118E-2,-2.305700071E-2,-1.443489939E-1,1.635115217E-1
1.225483684E0,7.326500118E-2,-2.305700071E-2,-1.443489939E-1,1.635115217E-1
1.235304330E0,7.311300188E-2,-2.342800051E-2,-1.446679980E-1,1.637779347E-1
1.245124983E0,7.311300188E-2,-2.342800051E-2,-1.446679980E-1,1.637779347E-1
1.254944058E0,6.917300075E-2,-2.141300030E-2,-1.464039981E-1,1.633326400E-1
1.264763137E0,6.917300075E-2,-2.141300030E-2,-1.464039981E-1,1.633326400E-1
1.274583844E0,6.782600284E-2,-1.819700003E-2,-1.458529979E-1,1.618783323E-1
1.284404573E0,6.782600284E-2,-1.819700003E-2,-1.458529979E-1,1.618783323E-1
1.294220253E0,6.625500321E-2,-1.637100056E-2,-1.471610069E-1,1.622162047E-1
1.304035950E0,6.625500321E-2,-1.637100056E-2,-1.471610069E-1,1.622162047E-1
1.313855687E0,6.504999846E-2,-1.523900032E-2,-1.454010010E-1,1.600161883E-1
1.323675416E0,6.504999846E-2,-1.523900032E-2,-1.454010010E-1,1.600161883E-1
1.333494211E0,6.051300094E-2,-1.245700009E-2,-1.461129934E-1,1.586379745E-1
1.343312982E0,6.051300094E-2,-1.245700009E-2,-1.461129934E-1,1.586379745E-1
1.353131378E0,6.051300094E-2,-1.245700009E-2,-1.461129934E-1,1.586379745E-1
1.362949801E0,6.051300094E-2,-1.245700009E-2,-1.461129934E-1,1.586379745E-1
1.372768107E0,6.129499897E-2,-1.136200037E-2,-1.445609927E-1,1.574295162E-1
1.382586414E0,6.129499897E-2,-1.136200037E-2,-1.445609927E-1,1.574295162E-1
1.392404906E0,6.073699892E-2,-1.062100008E-2,-1.453790069E-1,1.579140409E-1
1.402223405E0,6.073699892E-2,-1.062100008E-2,-1.453790069E-1,1.579140409E-1
1.412043565E0,5.650100112E-2,-8.566999808E-3,-1.493790001E-1,1.599369947E-1
1.421863718E0,5.650100112E-2,-8.566999808E-3,-1.493790001E-1,1.599369947E-1
1.431684901E0,5.293099955E-2,-8.363000117E-3,-1.519709975E-1,1.611422184E-1
1.441506094E0,5.293099955E-2,-8.363000117E-3,-1.519709975E-1,1.611422184E-1
1.451327515E0,5.269499868E-2,-6.589999888E-3,-1.513590068E-1,1.604049248E-1
1.461148940E0,5.269499868E-2,-6.589999888E-3,-1.513590068E-1,1.604049248E-1
1.470967345E0,4.512999952E-2,-2.543000039E-3,-1.541440040E-1,1.606348582E-1
1.480785770E0,4.512999952E-2,-2.543000039E-3,-1.541440040E-1,1.606348582E-1
1.490605931E0,4.190399870E-2,-8.679999737E-4,-1.571259946E-1,1.626200378E-1
1.500426084E0,4.190399870E-2,-8.679999737E-4,-1.571259946E-1,1.626200378E-1
1.510245577E0,4.135600105E-2,3.113999963E-3,-1.522029936E-1,1.577522332E-1
1.520065118E0,4.135600105E-2,3.113999963E-3,-1.522029936E-1,1.577522332E-1
1.529883910E0,4.465600103E-2,3.743000096E-3,-1.503269970E-1,1.568641913E-1
1.539702679E0,4.465600103E-2,3.743000096E-3,-1.503269970E-1,1.568641913E-1
1.549524129E0,4.289399832E-2,5.683000199E-3,-1.529719979E-1,1.589736573E-1
1.559345550E0,4.289399832E-2,5.683000199E-3,-1.529719979E-1,1.589736573E-1
1.569169084E0,4.061000049E-2,5.262999795E-3,-1.533749998E-1,1.587474783E-1
1.578992623E0,4.061000049E-2,5.262999795E-3,-1.533749998E-1,1.587474783E-1
1.588813259E0,4.107199982E-2,6.155999843E-3,-1.521539986E-1,1.577201471E-1
1.598633876E0,4.107199982E-2,6.155999843E-3,-1.521539986E-1,1.577201471E-1
1.608452639E0,4.341800138E-2,4.695999902E-3,-1.511200070E-1,1.573036293E-1
1.618271410E0,4.341800138E-2,4.695999902E-3,-1.511200070E-1,1.573036293E-1
1.628092456E0,4.071599990E-2,5.547999870E-3,-1.536770016E-1,1.590760628E-1
1.637913493E0,4.071599990E-2,5.547999870E-3,-1.536770016E-1,1.590760628E-1
1.647731678E0,4.299899936E-2,4.546000157E-3,-1.555259973E-1,1.614246446E-1
1.657549873E0,4.299899936E-2,4.546000157E-3,-1.555259973E-1,1.614246446E-1
1.667370022E0,3.478400037E-2,5.106000230E-3,-1.540199965E-1,1.579815092E-1
1.677190137E0,3.478400037E-2,5.106000230E-3,-1.540199965E-1,1.579815092E-1
1.687008774E0,3.332599998E-2,2.440999961E-3,-1.523350030E-1,1.559568335E-1
1.696827429E0,3.332599998E-2,2.440999961E-3,-1.523350030E-1,1.559568335E-1
1.706645602E0,2.925799973E-2,2.655999968E-3,-1.545570046E-1,1.573243546E-1
1.716463757E0,2.925799973E-2,2.655999968E-3,-1.545570046E-1,1.573243546E-1
1.726282344E0,2.739099972E-2,3.804000095E-3,-1.522330046E-1,1.547243516E-1
1.736100921E0,2.739099972E-2,3.804000095E-3,-1.522330046E-1,1.547243516E-1
1.745918481E0,2.612699941E-2,3.911999986E-3,-1.531320065E-1,1.553941288E-1
1.755736022E0,2.612699941E-2,3.911999986E-3,-1.531320065E-1,1.553941288E-1
1.765553748E0,2.516799979E-2,3.479999956E-3,-1.546439976E-1,1.567172760E-1
1.775371477E0,2.516799979E-2,3.479999956E-3,-1.546439976E-1,1.567172760E-1
1.785190871E0,2.036600001E-2,3.261999926E-3,-1.574600041E-1,1.588051243E-1
1.795010256E0,2.036600001E-2,3.261999926E-3,-1.574600041E-1,1.588051243E-1
1.804829592E0,1.717299968E-2,6.641000044E-3,-1.594219953E-1,1.604817353E-1
1.814648939E0,1.717299968E-2,6.641000044E-3,-1.594219953E-1,1.604817353E-1
1.824468978E0,6.320999935E-3,2.290999983E-3,-1.609490067E-1,1.610893742E-1
1.834288977E0,6.320999935E-3,2.290999983E-3,-1.609490067E-1,1.610893742E-1
1.844107597E0,-2.320999978E-3,-4.441999830E-3,-1.587509960E-1,1.588300889E-1
1.853926214E0,-2.320999978E-3,-4.441999830E-3,-1.587509960E-1,1.588300889E-1
1.863742829E0,-8.822999895E-3,-1.538100000E-2,-1.606830060E-1,1.616584329E-1
1.873559484E0,-8.822999895E-3,-1.538100000E-2,-1.606830060E-1,1.616584329E-1
1.883375945E0,-2.171199955E-2,-2.643500082E-2,-1.611720026E-1,1.647623580E-1
1.893192406E0,-2.171199955E-2,-2.643500082E-2,-1.611720026E-1,1.647623580E-1
1.903009753E0,-2.675599977E-2,-3.106399998E-2,-1.624300033E-1,1.675242119E-1
1.912827098E0,-2.675599977E-2,-3.106399998E-2,-1.624300033E-1,1.675242119E-1
1.922645910E0,-2.882600017E-2,-2.948899940E-2,-1.610649973E-1,1.662602560E-1
1.932464719E0,-2.882600017E-2,-2.948899940E-2,-1.610649973E-1,1.662602560E-1
1.942284858E0,-2.836200036E-2,-2.882000059E-2,-1.613759995E-1,1.663646858E-1
1.952105011E0,-2.836200036E-2,-2.882000059E-2,-1.613759995E-1,1.663646858E-1
1.961921614E0,-2.807899937E-2,-2.509799972E-2,-1.615190059E-1,1.658515272E-1
1.971738233E0,-2.807899937E-2,-2.509799972E-2,-1.615190059E-1,1.658515272E-1
1.981556782E0,-3.033000045E-2,-2.332100086E-2,-1.610669941E-1,1.655486472E-1
1.991375357E0,-3.033000045E-2,-2.332100086E-2,-1.610669941E-1,1.655486472E-1
2.001194179E0,-2.829200029E-2,-1.949499920E-2,-1.633089930E-1,1.668841498E-1
2.011012988E0,-2.829200029E-2,-1.949499920E-2,-1.633089930E-1,1.668841498E-1
2.020830986E0,-2.205899917E-2,-1.862199977E-2,-1.633879989E-1,1.659187045E-1
2.030648987E0,-2.205899917E-2,-1.862199977E-2,-1.633879989E-1,1.659187045E-1
2.040468055E0,-2.018399909E-2,-1.671000011E-2,-1.658779979E-1,1.679348924E-1
2.050287132E0,-2.018399909E-2,-1.671000011E-2,-1.658779979E-1,1.679348924E-1
2.060104197E0,-1.494900044E-2,-1.726599969E-2,-1.650670022E-1,1.666394388E-1
2.069921276E0,-1.494900044E-2,-1.726599969E-2,-1.650670022E-1,1.666394388E-1
2.079740801E0,-9.491000324E-3,-1.604899950E-2,-1.620970070E-1,1.631658333E-1
2.089560338E0,-9.491000324E-3,-1.604899950E-2,-1.620970070E-1,1.631658333E-1
2.099378139E0,-3.881999990E-3,-1.343700010E-2,-1.590420008E-1,1.596558201E-1
2.109195950E0,-3.881999990E-3,-1.343700010E-2,-1.590420008E-1,1.596558201E-1
2.119011521E0,-1.217500027E-2,-1.111800037E-2,-1.579390019E-1,1.587972572E-1
2.128827098E0,-1.217500027E-2,-1.111800037E-2,-1.579390019E-1,1.587972572E-1
2.138644802E0,-2.339700051E-2,-9.438999929E-3,-1.548099965E-1,1.568523171E-1
2.148462493E0,-2.339700051E-2,-9.438999929E-3,-1.548099965E-1,1.568523171E-1
2.158280626E0,-3.057100065E-2,-1.307000034E-2,-1.556639969E-1,1.591750324E-1
2.168098743E0,-3.057100065E-2,-1.307000034E-2,-1.556639969E-1,1.591750324E-1
2.177919372E0,-3.121400066E-2,-1.884599961E-2,-1.575099975E-1,1.616752450E-1
2.187739987E0,-3.121400066E-2,-1.884599961E-2,-1.575099975E-1,1.616752450E-1
2.197555220E0,-2.909100056E-2,-2.618700080E-2,-1.593520045E-1,1.640887159E-1
2.207370453E0,-2.909100056E-2,-2.618700080E-2,-1.593520045E-1,1.640887159E-1
2.217187565E0,-2.456399985E-2,-3.329699859E-2,-1.571869999E-1,1.625417889E-1
2.227004680E0,-2.456399985E-2,-3.329699859E-2,-1.571869999E-1,1.625417889E-1
2.236824362E0,-2.030400001E-2,-4.128199816E-2,-1.570149958E-1,1.636159060E-1
2.246644015E0,-2.030400001E-2,-4.128199816E-2,-1.570149958E-1,1.636159060E-1
